,source,target,frequency,mean_distance,pv (fisher),pv (ws),value
483,s|N,s|N|N,1,1.0,0.0005364806866948,0.00109,1
166,s|S,s|S|S,1,1.0,0.0005364806866948,0.00109,1
1115,s|orf1ab,s|orf1ab|NSP2,1,1.0,0.0005364806866948,0.00109,1
421,s|orf1ab,s|orf1ab|NSP1,1,1.0,0.0005364806866948,0.00109,1
760,s|orf1ab,s|orf1ab|NSP7,1,1.0,0.0005364806866948,0.00109,1
1302,s|orf1ab,s|orf1ab|NSP8,1,1.0,0.0005364806866948,0.00109,1
646,s|S,s|S|S,2,1.0,5.759320308056989e-07,0.0,1
216,s|orf1ab,s|orf1ab|NSP9,16,1.0,1.0508040986514228e-39,0.0,1
1607,s|ORF6,s|ORF6|ORF6,1,1.0,0.0005364806866948,0.00109,1
561,s|orf1ab,s|orf1ab|NSP9,1,1.0,0.0005364806866948,0.00109,1
483,s|N|N,s|N|N|LINK,1,1.0,0.0005364806866948,0.00109,1
166,s|S|S,s|S|S|NTD,1,1.0,0.0005364806866948,0.00109,1
1115,s|orf1ab|NSP2,s|orf1ab|NSP2|NSP2,1,1.0,0.0005364806866948,0.00109,1
421,s|orf1ab|NSP1,s|orf1ab|NSP1|NSP1,1,1.0,0.0005364806866948,0.00109,1
760,s|orf1ab|NSP7,s|orf1ab|NSP7|NSP7,1,1.0,0.0005364806866948,0.00109,1
1302,s|orf1ab|NSP8,s|orf1ab|NSP8|NSP8,1,1.0,0.0005364806866948,0.00109,1
17,s|S|S,s|S|S|HR1,1,1.0,0.0005364806866948,0.00109,1
646,s|S|S,s|S|S|NTD,2,1.0,5.759320308056989e-07,0.0,1
216,s|orf1ab|NSP9,s|orf1ab|NSP9|NSP9,16,1.0,1.0508040986514228e-39,0.0,1
1335,s|N|N,s|N|N|RBD,1,1.0,0.0005364806866948,0.00109,1
1607,s|ORF6|ORF6,s|ORF6|ORF6|orf6,1,1.0,0.0005364806866948,0.00109,1
561,s|orf1ab|NSP9,s|orf1ab|NSP9|NSP9,1,1.0,0.0005364806866948,0.00109,1
483,s|N|N|LINK,s|N|N|LINK|11,1,1.0,0.0005364806866948,0.00109,1
166,s|S|S|NTD,s|S|S|NTD|12,1,1.0,0.0005364806866948,0.00109,1
1115,s|orf1ab|NSP2|NSP2,s|orf1ab|NSP2|NSP2|24,1,1.0,0.0005364806866948,0.00109,1
1552,s|S|S|NTD,s|S|S|NTD|8,1,1.0,0.0005364806866948,0.00109,1
1475,s|orf1ab|NSP2|NSP2,s|orf1ab|NSP2|NSP2|28,1,1.0,0.0005364806866948,0.00109,1
421,s|orf1ab|NSP1|NSP1,s|orf1ab|NSP1|NSP1|2,1,1.0,0.0005364806866948,0.00109,1
1503,s|orf1ab|NSP2|NSP2,s|orf1ab|NSP2|NSP2|17,1,1.0,0.0005364806866948,0.00109,1
1156,s|orf1ab|NSP2|NSP2,s|orf1ab|NSP2|NSP2|32,1,1.0,0.0005364806866948,0.00109,1
620,s|orf1ab|NSP1|NSP1,s|orf1ab|NSP1|NSP1|4,1,1.0,0.0005364806866948,0.00109,1
1460,s|S|S|NTD,s|S|S|NTD|13,1,1.0,0.0005364806866948,0.00109,1
760,s|orf1ab|NSP7|NSP7,s|orf1ab|NSP7|NSP7|196,1,1.0,0.0005364806866948,0.00109,1
1302,s|orf1ab|NSP8|NSP8,s|orf1ab|NSP8|NSP8|200,1,1.0,0.0005364806866948,0.00109,1
17,s|S|S|HR1,s|S|S|HR1|48,1,1.0,0.0005364806866948,0.00109,1
646,s|S|S|NTD,s|S|S|NTD|1,2,1.0,5.759320308056989e-07,0.0,1
776,s|orf1ab|NSP2|NSP2,s|orf1ab|NSP2|NSP2|16,1,1.0,0.0005364806866948,0.00109,1
216,s|orf1ab|NSP9|NSP9,s|orf1ab|NSP9|NSP9|213,16,1.0,1.0508040986514228e-39,0.0,1
1336,s|N|N|LINK,s|N|N|LINK|10,1,1.0,0.0005364806866948,0.00109,1
1124,s|orf1ab|NSP2|NSP2,s|orf1ab|NSP2|NSP2|19,1,1.0,0.0005364806866948,0.00109,1
559,s|orf1ab|NSP2|NSP2,s|orf1ab|NSP2|NSP2|11,1,1.0,0.0005364806866948,0.00109,1
819,s|orf1ab|NSP2|NSP2,s|orf1ab|NSP2|NSP2|36,1,1.0,0.0005364806866948,0.00109,1
1335,s|N|N|RBD,s|N|N|RBD|4,1,1.0,0.0005364806866948,0.00109,1
1210,s|orf1ab|NSP1|NSP1,s|orf1ab|NSP1|NSP1|5,1,1.0,0.0005364806866948,0.00109,1
1607,s|ORF6|ORF6|orf6,s|ORF6|ORF6|orf6|1,1,1.0,0.0005364806866948,0.00109,1
1049,s|orf1ab|NSP8|NSP8,s|orf1ab|NSP8|NSP8|203,1,1.0,0.0005364806866948,0.00109,1
561,s|orf1ab|NSP9|NSP9,s|orf1ab|NSP9|NSP9|211,1,1.0,0.0005364806866948,0.00109,1
769,s|S|S|NTD,s|S|S|NTD|10,1,1.0,0.0005364806866948,0.00109,1
854,s|orf1ab|NSP2|NSP2,s|orf1ab|NSP2|NSP2|33,1,1.0,0.0005364806866948,0.00109,1
306,s|orf1ab|NSP2|NSP2,s|orf1ab|NSP2|NSP2|39,1,1.0,0.0005364806866948,0.00109,1
1347,s|N|N|RBD,s|N|N|RBD|5,1,1.0,0.0005364806866948,0.00109,1
396,s|S|S|NTD,s|S|S|NTD|11,1,1.0,0.0005364806866948,0.00109,1
483,s|N|N|LINK|11,s|N|N|LINK|11|T,1,1.0,0.0005364806866948,0.00109,1
166,s|S|S|NTD|12,s|S|S|NTD|12|V,1,1.0,0.0005364806866948,0.00109,1
1115,s|orf1ab|NSP2|NSP2|24,s|orf1ab|NSP2|NSP2|24|D,1,1.0,0.0005364806866948,0.00109,1
1552,s|S|S|NTD|8,s|S|S|NTD|8|Y,1,1.0,0.0005364806866948,0.00109,1
1475,s|orf1ab|NSP2|NSP2|28,s|orf1ab|NSP2|NSP2|28|R,1,1.0,0.0005364806866948,0.00109,1
421,s|orf1ab|NSP1|NSP1|2,s|orf1ab|NSP1|NSP1|2|L,1,1.0,0.0005364806866948,0.00109,1
1503,s|orf1ab|NSP2|NSP2|17,s|orf1ab|NSP2|NSP2|17|L,1,1.0,0.0005364806866948,0.00109,1
1156,s|orf1ab|NSP2|NSP2|32,s|orf1ab|NSP2|NSP2|32|L,1,1.0,0.0005364806866948,0.00109,1
620,s|orf1ab|NSP1|NSP1|4,s|orf1ab|NSP1|NSP1|4|S,1,1.0,0.0005364806866948,0.00109,1
1460,s|S|S|NTD|13,s|S|S|NTD|13|R,1,1.0,0.0005364806866948,0.00109,1
760,s|orf1ab|NSP7|NSP7|196,s|orf1ab|NSP7|NSP7|196|E,1,1.0,0.0005364806866948,0.00109,1
1302,s|orf1ab|NSP8|NSP8|200,s|orf1ab|NSP8|NSP8|200|N,1,1.0,0.0005364806866948,0.00109,1
17,s|S|S|HR1|48,s|S|S|HR1|48|Q,1,1.0,0.0005364806866948,0.00109,1
646,s|S|S|NTD|1,s|S|S|NTD|1|S,2,1.0,5.759320308056989e-07,0.0,1
776,s|orf1ab|NSP2|NSP2|16,s|orf1ab|NSP2|NSP2|16|M,1,1.0,0.0005364806866948,0.00109,1
216,s|orf1ab|NSP9|NSP9|213,s|orf1ab|NSP9|NSP9|213|M,16,1.0,1.0508040986514228e-39,0.0,1
1336,s|N|N|LINK|10,s|N|N|LINK|10|R,1,1.0,0.0005364806866948,0.00109,1
422,s|orf1ab|NSP2|NSP2|17,s|orf1ab|NSP2|NSP2|17|S,1,1.0,0.0005364806866948,0.00109,1
1124,s|orf1ab|NSP2|NSP2|19,s|orf1ab|NSP2|NSP2|19|P,1,1.0,0.0005364806866948,0.00109,1
559,s|orf1ab|NSP2|NSP2|11,s|orf1ab|NSP2|NSP2|11|D,1,1.0,0.0005364806866948,0.00109,1
819,s|orf1ab|NSP2|NSP2|36,s|orf1ab|NSP2|NSP2|36|K,1,1.0,0.0005364806866948,0.00109,1
1335,s|N|N|RBD|4,s|N|N|RBD|4|S,1,1.0,0.0005364806866948,0.00109,1
1210,s|orf1ab|NSP1|NSP1|5,s|orf1ab|NSP1|NSP1|5|H,1,1.0,0.0005364806866948,0.00109,1
1607,s|ORF6|ORF6|orf6|1,s|ORF6|ORF6|orf6|1|F,1,1.0,0.0005364806866948,0.00109,1
1231,s|orf1ab|NSP1|NSP1|2,s|orf1ab|NSP1|NSP1|2|G,1,1.0,0.0005364806866948,0.00109,1
1049,s|orf1ab|NSP8|NSP8|203,s|orf1ab|NSP8|NSP8|203|N,1,1.0,0.0005364806866948,0.00109,1
561,s|orf1ab|NSP9|NSP9|211,s|orf1ab|NSP9|NSP9|211|G,1,1.0,0.0005364806866948,0.00109,1
769,s|S|S|NTD|10,s|S|S|NTD|10|R,1,1.0,0.0005364806866948,0.00109,1
854,s|orf1ab|NSP2|NSP2|33,s|orf1ab|NSP2|NSP2|33|A,1,1.0,0.0005364806866948,0.00109,1
306,s|orf1ab|NSP2|NSP2|39,s|orf1ab|NSP2|NSP2|39|A,1,1.0,0.0005364806866948,0.00109,1
1347,s|N|N|RBD|5,s|N|N|RBD|5|I,1,1.0,0.0005364806866948,0.00109,1
396,s|S|S|NTD|11,s|S|S|NTD|11|D,1,1.0,0.0005364806866948,0.00109,1
483,s|N|N|LINK|11|T,s|N|N|LINK|11|T|205,1,1.0,0.0005364806866948,0.00109,1
166,s|S|S|NTD|12|V,s|S|S|NTD|12|V|222,1,1.0,0.0005364806866948,0.00109,1
1115,s|orf1ab|NSP2|NSP2|24|D,s|orf1ab|NSP2|NSP2|24|D|472,1,1.0,0.0005364806866948,0.00109,1
1552,s|S|S|NTD|8|Y,s|S|S|NTD|8|Y|145,1,1.0,0.0005364806866948,0.00109,1
1475,s|orf1ab|NSP2|NSP2|28|R,s|orf1ab|NSP2|NSP2|28|R|550,1,1.0,0.0005364806866948,0.00109,1
421,s|orf1ab|NSP1|NSP1|2|L,s|orf1ab|NSP1|NSP1|2|L|27,1,1.0,0.0005364806866948,0.00109,1
1503,s|orf1ab|NSP2|NSP2|17|L,s|orf1ab|NSP2|NSP2|17|L|320,1,1.0,0.0005364806866948,0.00109,1
1156,s|orf1ab|NSP2|NSP2|32|L,s|orf1ab|NSP2|NSP2|32|L|631,1,1.0,0.0005364806866948,0.00109,1
620,s|orf1ab|NSP1|NSP1|4|S,s|orf1ab|NSP1|NSP1|4|S|69,1,1.0,0.0005364806866948,0.00109,1
1460,s|S|S|NTD|13|R,s|S|S|NTD|13|R|246,1,1.0,0.0005364806866948,0.00109,1
760,s|orf1ab|NSP7|NSP7|196|E,s|orf1ab|NSP7|NSP7|196|E|3909,1,1.0,0.0005364806866948,0.00109,1
1302,s|orf1ab|NSP8|NSP8|200|N,s|orf1ab|NSP8|NSP8|200|N|3985,1,1.0,0.0005364806866948,0.00109,1
17,s|S|S|HR1|48|Q,s|S|S|HR1|48|Q|954,1,1.0,0.0005364806866948,0.00109,1
646,s|S|S|NTD|1|S,s|S|S|NTD|1|S|13,2,1.0,5.759320308056989e-07,0.0,1
776,s|orf1ab|NSP2|NSP2|16|M,s|orf1ab|NSP2|NSP2|16|M|315,1,1.0,0.0005364806866948,0.00109,1
216,s|orf1ab|NSP9|NSP9|213|M,s|orf1ab|NSP9|NSP9|213|M|4241,16,1.0,1.0508040986514228e-39,0.0,1
1336,s|N|N|LINK|10|R,s|N|N|LINK|10|R|195,1,1.0,0.0005364806866948,0.00109,1
422,s|orf1ab|NSP2|NSP2|17|S,s|orf1ab|NSP2|NSP2|17|S|330,1,1.0,0.0005364806866948,0.00109,1
1124,s|orf1ab|NSP2|NSP2|19|P,s|orf1ab|NSP2|NSP2|19|P|361,1,1.0,0.0005364806866948,0.00109,1
754,s|orf1ab|NSP2|NSP2|19|P,s|orf1ab|NSP2|NSP2|19|P|371,1,1.0,0.0005364806866948,0.00109,1
559,s|orf1ab|NSP2|NSP2|11|D,s|orf1ab|NSP2|NSP2|11|D|203,1,1.0,0.0005364806866948,0.00109,1
819,s|orf1ab|NSP2|NSP2|36|K,s|orf1ab|NSP2|NSP2|36|K|709,1,1.0,0.0005364806866948,0.00109,1
1335,s|N|N|RBD|4|S,s|N|N|RBD|4|S|67,1,1.0,0.0005364806866948,0.00109,1
1210,s|orf1ab|NSP1|NSP1|5|H,s|orf1ab|NSP1|NSP1|5|H|83,1,1.0,0.0005364806866948,0.00109,1
290,s|S|S|HR1|48|Q,s|S|S|HR1|48|Q|949,1,1.0,0.0005364806866948,0.00109,1
1188,s|S|S|NTD|8|Y,s|S|S|NTD|8|Y|144,1,1.0,0.0005364806866948,0.00109,1
1607,s|ORF6|ORF6|orf6|1|F,s|ORF6|ORF6|orf6|1|F|2,1,1.0,0.0005364806866948,0.00109,1
1231,s|orf1ab|NSP1|NSP1|2|G,s|orf1ab|NSP1|NSP1|2|G|35,1,1.0,0.0005364806866948,0.00109,1
1049,s|orf1ab|NSP8|NSP8|203|N,s|orf1ab|NSP8|NSP8|203|N|4051,1,1.0,0.0005364806866948,0.00109,1
561,s|orf1ab|NSP9|NSP9|211|G,s|orf1ab|NSP9|NSP9|211|G|4203,1,1.0,0.0005364806866948,0.00109,1
769,s|S|S|NTD|10|R,s|S|S|NTD|10|R|190,1,1.0,0.0005364806866948,0.00109,1
854,s|orf1ab|NSP2|NSP2|33|A,s|orf1ab|NSP2|NSP2|33|A|656,1,1.0,0.0005364806866948,0.00109,1
306,s|orf1ab|NSP2|NSP2|39|A,s|orf1ab|NSP2|NSP2|39|A|776,1,1.0,0.0005364806866948,0.00109,1
1347,s|N|N|RBD|5|I,s|N|N|RBD|5|I|84,1,1.0,0.0005364806866948,0.00109,1
396,s|S|S|NTD|11|D,s|S|S|NTD|11|D|215,1,1.0,0.0005364806866948,0.00109,1
483,s|N|N|LINK|11|T|205,s|N|N|LINK|11|T|205|A,1,1.0,0.0005364806866948,0.00109,1
166,s|S|S|NTD|12|V|222,s|S|S|NTD|12|V|222|A,1,1.0,0.0005364806866948,0.00109,1
1115,s|orf1ab|NSP2|NSP2|24|D|472,s|orf1ab|NSP2|NSP2|24|D|472|A,1,1.0,0.0005364806866948,0.00109,1
1552,s|S|S|NTD|8|Y|145,s|S|S|NTD|8|Y|145|C,1,1.0,0.0005364806866948,0.00109,1
1475,s|orf1ab|NSP2|NSP2|28|R|550,s|orf1ab|NSP2|NSP2|28|R|550|C,1,1.0,0.0005364806866948,0.00109,1
421,s|orf1ab|NSP1|NSP1|2|L|27,s|orf1ab|NSP1|NSP1|2|L|27|F,1,1.0,0.0005364806866948,0.00109,1
1503,s|orf1ab|NSP2|NSP2|17|L|320,s|orf1ab|NSP2|NSP2|17|L|320|F,1,1.0,0.0005364806866948,0.00109,1
1156,s|orf1ab|NSP2|NSP2|32|L|631,s|orf1ab|NSP2|NSP2|32|L|631|F,1,1.0,0.0005364806866948,0.00109,1
620,s|orf1ab|NSP1|NSP1|4|S|69,s|orf1ab|NSP1|NSP1|4|S|69|F,1,1.0,0.0005364806866948,0.00109,1
1460,s|S|S|NTD|13|R|246,s|S|S|NTD|13|R|246|G,1,1.0,0.0005364806866948,0.00109,1
760,s|orf1ab|NSP7|NSP7|196|E|3909,s|orf1ab|NSP7|NSP7|196|E|3909|G,1,1.0,0.0005364806866948,0.00109,1
1302,s|orf1ab|NSP8|NSP8|200|N|3985,s|orf1ab|NSP8|NSP8|200|N|3985|H,1,1.0,0.0005364806866948,0.00109,1
17,s|S|S|HR1|48|Q|954,s|S|S|HR1|48|Q|954|H,1,1.0,0.0005364806866948,0.00109,1
646,s|S|S|NTD|1|S|13,s|S|S|NTD|1|S|13|I,2,1.0,5.759320308056989e-07,0.0,1
776,s|orf1ab|NSP2|NSP2|16|M|315,s|orf1ab|NSP2|NSP2|16|M|315|I,1,1.0,0.0005364806866948,0.00109,1
216,s|orf1ab|NSP9|NSP9|213|M|4241,s|orf1ab|NSP9|NSP9|213|M|4241|I,16,1.0,1.0508040986514228e-39,0.0,1
1336,s|N|N|LINK|10|R|195,s|N|N|LINK|10|R|195|K,1,1.0,0.0005364806866948,0.00109,1
422,s|orf1ab|NSP2|NSP2|17|S|330,s|orf1ab|NSP2|NSP2|17|S|330|L,1,1.0,0.0005364806866948,0.00109,1
1124,s|orf1ab|NSP2|NSP2|19|P|361,s|orf1ab|NSP2|NSP2|19|P|361|L,1,1.0,0.0005364806866948,0.00109,1
754,s|orf1ab|NSP2|NSP2|19|P|371,s|orf1ab|NSP2|NSP2|19|P|371|L,1,1.0,0.0005364806866948,0.00109,1
559,s|orf1ab|NSP2|NSP2|11|D|203,s|orf1ab|NSP2|NSP2|11|D|203|N,1,1.0,0.0005364806866948,0.00109,1
819,s|orf1ab|NSP2|NSP2|36|K|709,s|orf1ab|NSP2|NSP2|36|K|709|N,1,1.0,0.0005364806866948,0.00109,1
1335,s|N|N|RBD|4|S|67,s|N|N|RBD|4|S|67|P,1,1.0,0.0005364806866948,0.00109,1
1210,s|orf1ab|NSP1|NSP1|5|H|83,s|orf1ab|NSP1|NSP1|5|H|83|R,1,1.0,0.0005364806866948,0.00109,1
290,s|S|S|HR1|48|Q|949,s|S|S|HR1|48|Q|949|R,1,1.0,0.0005364806866948,0.00109,1
1188,s|S|S|NTD|8|Y|144,s|S|S|NTD|8|Y|144|S,1,1.0,0.0005364806866948,0.00109,1
1607,s|ORF6|ORF6|orf6|1|F|2,s|ORF6|ORF6|orf6|1|F|2|S,1,1.0,0.0005364806866948,0.00109,1
1231,s|orf1ab|NSP1|NSP1|2|G|35,s|orf1ab|NSP1|NSP1|2|G|35|S,1,1.0,0.0005364806866948,0.00109,1
1049,s|orf1ab|NSP8|NSP8|203|N|4051,s|orf1ab|NSP8|NSP8|203|N|4051|S,1,1.0,0.0005364806866948,0.00109,1
561,s|orf1ab|NSP9|NSP9|211|G|4203,s|orf1ab|NSP9|NSP9|211|G|4203|S,1,1.0,0.0005364806866948,0.00109,1
769,s|S|S|NTD|10|R|190,s|S|S|NTD|10|R|190|T,1,1.0,0.0005364806866948,0.00109,1
854,s|orf1ab|NSP2|NSP2|33|A|656,s|orf1ab|NSP2|NSP2|33|A|656|V,1,1.0,0.0005364806866948,0.00109,1
306,s|orf1ab|NSP2|NSP2|39|A|776,s|orf1ab|NSP2|NSP2|39|A|776|V,1,1.0,0.0005364806866948,0.00109,1
1347,s|N|N|RBD|5|I|84,s|N|N|RBD|5|I|84|V,1,1.0,0.0005364806866948,0.00109,1
396,s|S|S|NTD|11|D|215,s|S|S|NTD|11|D|215|Y,1,1.0,0.0005364806866948,0.00109,1
483,s|N|N|LINK|11|T|205|A,t|G|214|S|11|LINK|N|N,1,1.0,0.0005364806866948,0.00109,1
166,s|S|S|NTD|12|V|222|A,t|V|220|A|12|LINK|N|N,1,1.0,0.0005364806866948,0.00109,1
1115,s|orf1ab|NSP2|NSP2|24|D|472|A,t|D|1259|Y|63|CD|S|S,1,1.0,0.0005364806866948,0.00109,1
1552,s|S|S|NTD|8|Y|145|C,t|R|190|K|10|NTD|S|S,1,1.0,0.0005364806866948,0.00109,1
1475,s|orf1ab|NSP2|NSP2|28|R|550|C,t|E|755|K|38|NSP2|NSP2|orf1ab,1,1.0,0.0005364806866948,0.00109,1
421,s|orf1ab|NSP1|NSP1|2|L|27|F,t|S|330|L|17|NSP2|NSP2|orf1ab,1,1.0,0.0005364806866948,0.00109,1
1503,s|orf1ab|NSP2|NSP2|17|L|320|F,t|V|365|F|19|NSP2|NSP2|orf1ab,1,1.0,0.0005364806866948,0.00109,1
1156,s|orf1ab|NSP2|NSP2|32|L|631|F,t|K|97|E|5|NTD|S|S,1,1.0,0.0005364806866948,0.00109,1
620,s|orf1ab|NSP1|NSP1|4|S|69|F,t|Q|348|H|18|NSP2|NSP2|orf1ab,1,1.0,0.0005364806866948,0.00109,1
1460,s|S|S|NTD|13|R|246|G,t|T|284|I|15|NTD|S|S,1,1.0,0.0005364806866948,0.00109,1
760,s|orf1ab|NSP7|NSP7|196|E|3909|G,t|A|373|T|19|NSP2|NSP2|orf1ab,1,1.0,0.0005364806866948,0.00109,1
1302,s|orf1ab|NSP8|NSP8|200|N|3985|H,t|M|1237|T|62|CD|S|S,1,1.0,0.0005364806866948,0.00109,1
17,s|S|S|HR1|48|Q|954|H,t|N|969|K|49|HR1|S|S,1,1.0,0.0005364806866948,0.00109,1
646,s|S|S|NTD|1|S|13|I,t|W|152|C|8|NTD|S|S,2,1.0,5.759320308056989e-07,0.0,1
776,s|orf1ab|NSP2|NSP2|16|M|315|I,t|M|3934|I|197|NSP7|NSP7|orf1ab,1,1.0,0.0005364806866948,0.00109,1
216,s|orf1ab|NSP9|NSP9|213|M|4241|I,t|V|711|I|36|NSP2|NSP2|orf1ab,16,1.0,1.0508040986514228e-39,0.0,1
1336,s|N|N|LINK|10|R|195|K,t|L|199|P|10|LINK|N|N,1,1.0,0.0005364806866948,0.00109,1
422,s|orf1ab|NSP2|NSP2|17|S|330|L,t|D|490|N|25|NSP2|NSP2|orf1ab,1,1.0,0.0005364806866948,0.00109,1
1124,s|orf1ab|NSP2|NSP2|19|P|361|L,t|R|560|C|29|NSP2|NSP2|orf1ab,1,1.0,0.0005364806866948,0.00109,1
754,s|orf1ab|NSP2|NSP2|19|P|371|L,t|E|797|G|40|NSP2|NSP2|orf1ab,1,1.0,0.0005364806866948,0.00109,1
559,s|orf1ab|NSP2|NSP2|11|D|203|N,t|D|589|G|30|NSP2|NSP2|orf1ab,1,1.0,0.0005364806866948,0.00109,1
819,s|orf1ab|NSP2|NSP2|36|K|709|N,t|T|385|I|20|RBD|S|S,1,1.0,0.0005364806866948,0.00109,1
1335,s|N|N|RBD|4|S|67|P,t|R|195|K|10|LINK|N|N,1,1.0,0.0005364806866948,0.00109,1
1210,s|orf1ab|NSP1|NSP1|5|H|83|R,t|Q|526|K|27|NSP2|NSP2|orf1ab,1,1.0,0.0005364806866948,0.00109,1
290,s|S|S|HR1|48|Q|949|R,t|N|1187|D|60|HR2|S|S,1,1.0,0.0005364806866948,0.00109,1
1188,s|S|S|NTD|8|Y|144|S,t|Y|145|N|8|NTD|S|S,1,1.0,0.0005364806866948,0.00109,1
1607,s|ORF6|ORF6|orf6|1|F|2|S,t|N|8|T|1|NTD|N|N,1,1.0,0.0005364806866948,0.00109,1
1231,s|orf1ab|NSP1|NSP1|2|G|35|S,t|T|217|M|11|NSP2|NSP2|orf1ab,1,1.0,0.0005364806866948,0.00109,1
1049,s|orf1ab|NSP8|NSP8|203|N|4051|S,t|V|4216|I|211|NSP9|NSP9|orf1ab,1,1.0,0.0005364806866948,0.00109,1
561,s|orf1ab|NSP9|NSP9|211|G|4203|S,t|A|522|S|27|RBD|S|S,1,1.0,0.0005364806866948,0.00109,1
769,s|S|S|NTD|10|R|190|T,t|H|300|Q|16|Dimerisation|N|N,1,1.0,0.0005364806866948,0.00109,1
854,s|orf1ab|NSP2|NSP2|33|A|656|V,t|S|37|P|2|NTD|N|N,1,1.0,0.0005364806866948,0.00109,1
306,s|orf1ab|NSP2|NSP2|39|A|776|V,t|P|804|L|41|NSP2|NSP2|orf1ab,1,1.0,0.0005364806866948,0.00109,1
1347,s|N|N|RBD|5|I|84|V,t|R|203|S|11|LINK|N|N,1,1.0,0.0005364806866948,0.00109,1
396,s|S|S|NTD|11|D|215|Y,t|S|194|A|10|LINK|N|N,1,1.0,0.0005364806866948,0.00109,1
483,t|G|214|S|11|LINK|N|N,t|214|S|11|LINK|N|N,1,1.0,0.0005364806866948,0.00109,1
166,t|V|220|A|12|LINK|N|N,t|220|A|12|LINK|N|N,1,1.0,0.0005364806866948,0.00109,1
1115,t|D|1259|Y|63|CD|S|S,t|1259|Y|63|CD|S|S,1,1.0,0.0005364806866948,0.00109,1
1552,t|R|190|K|10|NTD|S|S,t|190|K|10|NTD|S|S,1,1.0,0.0005364806866948,0.00109,1
1475,t|E|755|K|38|NSP2|NSP2|orf1ab,t|755|K|38|NSP2|NSP2|orf1ab,1,1.0,0.0005364806866948,0.00109,1
421,t|S|330|L|17|NSP2|NSP2|orf1ab,t|330|L|17|NSP2|NSP2|orf1ab,1,1.0,0.0005364806866948,0.00109,1
1503,t|V|365|F|19|NSP2|NSP2|orf1ab,t|365|F|19|NSP2|NSP2|orf1ab,1,1.0,0.0005364806866948,0.00109,1
1156,t|K|97|E|5|NTD|S|S,t|97|E|5|NTD|S|S,1,1.0,0.0005364806866948,0.00109,1
620,t|Q|348|H|18|NSP2|NSP2|orf1ab,t|348|H|18|NSP2|NSP2|orf1ab,1,1.0,0.0005364806866948,0.00109,1
1460,t|T|284|I|15|NTD|S|S,t|284|I|15|NTD|S|S,1,1.0,0.0005364806866948,0.00109,1
760,t|A|373|T|19|NSP2|NSP2|orf1ab,t|373|T|19|NSP2|NSP2|orf1ab,1,1.0,0.0005364806866948,0.00109,1
1302,t|M|1237|T|62|CD|S|S,t|1237|T|62|CD|S|S,1,1.0,0.0005364806866948,0.00109,1
17,t|N|969|K|49|HR1|S|S,t|969|K|49|HR1|S|S,1,1.0,0.0005364806866948,0.00109,1
646,t|W|152|C|8|NTD|S|S,t|152|C|8|NTD|S|S,2,1.0,5.759320308056989e-07,0.0,1
776,t|M|3934|I|197|NSP7|NSP7|orf1ab,t|3934|I|197|NSP7|NSP7|orf1ab,1,1.0,0.0005364806866948,0.00109,1
216,t|V|711|I|36|NSP2|NSP2|orf1ab,t|711|I|36|NSP2|NSP2|orf1ab,16,1.0,1.0508040986514228e-39,0.0,1
1336,t|L|199|P|10|LINK|N|N,t|199|P|10|LINK|N|N,1,1.0,0.0005364806866948,0.00109,1
422,t|D|490|N|25|NSP2|NSP2|orf1ab,t|490|N|25|NSP2|NSP2|orf1ab,1,1.0,0.0005364806866948,0.00109,1
1124,t|R|560|C|29|NSP2|NSP2|orf1ab,t|560|C|29|NSP2|NSP2|orf1ab,1,1.0,0.0005364806866948,0.00109,1
754,t|E|797|G|40|NSP2|NSP2|orf1ab,t|797|G|40|NSP2|NSP2|orf1ab,1,1.0,0.0005364806866948,0.00109,1
559,t|D|589|G|30|NSP2|NSP2|orf1ab,t|589|G|30|NSP2|NSP2|orf1ab,1,1.0,0.0005364806866948,0.00109,1
819,t|T|385|I|20|RBD|S|S,t|385|I|20|RBD|S|S,1,1.0,0.0005364806866948,0.00109,1
1335,t|R|195|K|10|LINK|N|N,t|195|K|10|LINK|N|N,1,1.0,0.0005364806866948,0.00109,1
1210,t|Q|526|K|27|NSP2|NSP2|orf1ab,t|526|K|27|NSP2|NSP2|orf1ab,1,1.0,0.0005364806866948,0.00109,1
290,t|N|1187|D|60|HR2|S|S,t|1187|D|60|HR2|S|S,1,1.0,0.0005364806866948,0.00109,1
1188,t|Y|145|N|8|NTD|S|S,t|145|N|8|NTD|S|S,1,1.0,0.0005364806866948,0.00109,1
1607,t|N|8|T|1|NTD|N|N,t|8|T|1|NTD|N|N,1,1.0,0.0005364806866948,0.00109,1
1231,t|T|217|M|11|NSP2|NSP2|orf1ab,t|217|M|11|NSP2|NSP2|orf1ab,1,1.0,0.0005364806866948,0.00109,1
1049,t|V|4216|I|211|NSP9|NSP9|orf1ab,t|4216|I|211|NSP9|NSP9|orf1ab,1,1.0,0.0005364806866948,0.00109,1
561,t|A|522|S|27|RBD|S|S,t|522|S|27|RBD|S|S,1,1.0,0.0005364806866948,0.00109,1
769,t|H|300|Q|16|Dimerisation|N|N,t|300|Q|16|Dimerisation|N|N,1,1.0,0.0005364806866948,0.00109,1
854,t|S|37|P|2|NTD|N|N,t|37|P|2|NTD|N|N,1,1.0,0.0005364806866948,0.00109,1
306,t|P|804|L|41|NSP2|NSP2|orf1ab,t|804|L|41|NSP2|NSP2|orf1ab,1,1.0,0.0005364806866948,0.00109,1
1347,t|R|203|S|11|LINK|N|N,t|203|S|11|LINK|N|N,1,1.0,0.0005364806866948,0.00109,1
396,t|S|194|A|10|LINK|N|N,t|194|A|10|LINK|N|N,1,1.0,0.0005364806866948,0.00109,1
483,t|214|S|11|LINK|N|N,t|S|11|LINK|N|N,1,1.0,0.0005364806866948,0.00109,1
166,t|220|A|12|LINK|N|N,t|A|12|LINK|N|N,1,1.0,0.0005364806866948,0.00109,1
1115,t|1259|Y|63|CD|S|S,t|Y|63|CD|S|S,1,1.0,0.0005364806866948,0.00109,1
1552,t|190|K|10|NTD|S|S,t|K|10|NTD|S|S,1,1.0,0.0005364806866948,0.00109,1
1475,t|755|K|38|NSP2|NSP2|orf1ab,t|K|38|NSP2|NSP2|orf1ab,1,1.0,0.0005364806866948,0.00109,1
421,t|330|L|17|NSP2|NSP2|orf1ab,t|L|17|NSP2|NSP2|orf1ab,1,1.0,0.0005364806866948,0.00109,1
1503,t|365|F|19|NSP2|NSP2|orf1ab,t|F|19|NSP2|NSP2|orf1ab,1,1.0,0.0005364806866948,0.00109,1
1156,t|97|E|5|NTD|S|S,t|E|5|NTD|S|S,1,1.0,0.0005364806866948,0.00109,1
620,t|348|H|18|NSP2|NSP2|orf1ab,t|H|18|NSP2|NSP2|orf1ab,1,1.0,0.0005364806866948,0.00109,1
1460,t|284|I|15|NTD|S|S,t|I|15|NTD|S|S,1,1.0,0.0005364806866948,0.00109,1
760,t|373|T|19|NSP2|NSP2|orf1ab,t|T|19|NSP2|NSP2|orf1ab,1,1.0,0.0005364806866948,0.00109,1
1302,t|1237|T|62|CD|S|S,t|T|62|CD|S|S,1,1.0,0.0005364806866948,0.00109,1
17,t|969|K|49|HR1|S|S,t|K|49|HR1|S|S,1,1.0,0.0005364806866948,0.00109,1
646,t|152|C|8|NTD|S|S,t|C|8|NTD|S|S,2,1.0,5.759320308056989e-07,0.0,1
776,t|3934|I|197|NSP7|NSP7|orf1ab,t|I|197|NSP7|NSP7|orf1ab,1,1.0,0.0005364806866948,0.00109,1
216,t|711|I|36|NSP2|NSP2|orf1ab,t|I|36|NSP2|NSP2|orf1ab,16,1.0,1.0508040986514228e-39,0.0,1
1336,t|199|P|10|LINK|N|N,t|P|10|LINK|N|N,1,1.0,0.0005364806866948,0.00109,1
422,t|490|N|25|NSP2|NSP2|orf1ab,t|N|25|NSP2|NSP2|orf1ab,1,1.0,0.0005364806866948,0.00109,1
1124,t|560|C|29|NSP2|NSP2|orf1ab,t|C|29|NSP2|NSP2|orf1ab,1,1.0,0.0005364806866948,0.00109,1
754,t|797|G|40|NSP2|NSP2|orf1ab,t|G|40|NSP2|NSP2|orf1ab,1,1.0,0.0005364806866948,0.00109,1
559,t|589|G|30|NSP2|NSP2|orf1ab,t|G|30|NSP2|NSP2|orf1ab,1,1.0,0.0005364806866948,0.00109,1
819,t|385|I|20|RBD|S|S,t|I|20|RBD|S|S,1,1.0,0.0005364806866948,0.00109,1
1335,t|195|K|10|LINK|N|N,t|K|10|LINK|N|N,1,1.0,0.0005364806866948,0.00109,1
1210,t|526|K|27|NSP2|NSP2|orf1ab,t|K|27|NSP2|NSP2|orf1ab,1,1.0,0.0005364806866948,0.00109,1
290,t|1187|D|60|HR2|S|S,t|D|60|HR2|S|S,1,1.0,0.0005364806866948,0.00109,1
1188,t|145|N|8|NTD|S|S,t|N|8|NTD|S|S,1,1.0,0.0005364806866948,0.00109,1
1607,t|8|T|1|NTD|N|N,t|T|1|NTD|N|N,1,1.0,0.0005364806866948,0.00109,1
1231,t|217|M|11|NSP2|NSP2|orf1ab,t|M|11|NSP2|NSP2|orf1ab,1,1.0,0.0005364806866948,0.00109,1
1049,t|4216|I|211|NSP9|NSP9|orf1ab,t|I|211|NSP9|NSP9|orf1ab,1,1.0,0.0005364806866948,0.00109,1
561,t|522|S|27|RBD|S|S,t|S|27|RBD|S|S,1,1.0,0.0005364806866948,0.00109,1
769,t|300|Q|16|Dimerisation|N|N,t|Q|16|Dimerisation|N|N,1,1.0,0.0005364806866948,0.00109,1
854,t|37|P|2|NTD|N|N,t|P|2|NTD|N|N,1,1.0,0.0005364806866948,0.00109,1
306,t|804|L|41|NSP2|NSP2|orf1ab,t|L|41|NSP2|NSP2|orf1ab,1,1.0,0.0005364806866948,0.00109,1
1347,t|203|S|11|LINK|N|N,t|S|11|LINK|N|N,1,1.0,0.0005364806866948,0.00109,1
396,t|194|A|10|LINK|N|N,t|A|10|LINK|N|N,1,1.0,0.0005364806866948,0.00109,1
483,t|S|11|LINK|N|N,t|11|LINK|N|N,1,1.0,0.0005364806866948,0.00109,1
166,t|A|12|LINK|N|N,t|12|LINK|N|N,1,1.0,0.0005364806866948,0.00109,1
1115,t|Y|63|CD|S|S,t|63|CD|S|S,1,1.0,0.0005364806866948,0.00109,1
1552,t|K|10|NTD|S|S,t|10|NTD|S|S,1,1.0,0.0005364806866948,0.00109,1
1475,t|K|38|NSP2|NSP2|orf1ab,t|38|NSP2|NSP2|orf1ab,1,1.0,0.0005364806866948,0.00109,1
421,t|L|17|NSP2|NSP2|orf1ab,t|17|NSP2|NSP2|orf1ab,1,1.0,0.0005364806866948,0.00109,1
1503,t|F|19|NSP2|NSP2|orf1ab,t|19|NSP2|NSP2|orf1ab,1,1.0,0.0005364806866948,0.00109,1
1156,t|E|5|NTD|S|S,t|5|NTD|S|S,1,1.0,0.0005364806866948,0.00109,1
620,t|H|18|NSP2|NSP2|orf1ab,t|18|NSP2|NSP2|orf1ab,1,1.0,0.0005364806866948,0.00109,1
1460,t|I|15|NTD|S|S,t|15|NTD|S|S,1,1.0,0.0005364806866948,0.00109,1
760,t|T|19|NSP2|NSP2|orf1ab,t|19|NSP2|NSP2|orf1ab,1,1.0,0.0005364806866948,0.00109,1
1302,t|T|62|CD|S|S,t|62|CD|S|S,1,1.0,0.0005364806866948,0.00109,1
17,t|K|49|HR1|S|S,t|49|HR1|S|S,1,1.0,0.0005364806866948,0.00109,1
646,t|C|8|NTD|S|S,t|8|NTD|S|S,2,1.0,5.759320308056989e-07,0.0,1
776,t|I|197|NSP7|NSP7|orf1ab,t|197|NSP7|NSP7|orf1ab,1,1.0,0.0005364806866948,0.00109,1
216,t|I|36|NSP2|NSP2|orf1ab,t|36|NSP2|NSP2|orf1ab,16,1.0,1.0508040986514228e-39,0.0,1
1336,t|P|10|LINK|N|N,t|10|LINK|N|N,1,1.0,0.0005364806866948,0.00109,1
422,t|N|25|NSP2|NSP2|orf1ab,t|25|NSP2|NSP2|orf1ab,1,1.0,0.0005364806866948,0.00109,1
1124,t|C|29|NSP2|NSP2|orf1ab,t|29|NSP2|NSP2|orf1ab,1,1.0,0.0005364806866948,0.00109,1
754,t|G|40|NSP2|NSP2|orf1ab,t|40|NSP2|NSP2|orf1ab,1,1.0,0.0005364806866948,0.00109,1
559,t|G|30|NSP2|NSP2|orf1ab,t|30|NSP2|NSP2|orf1ab,1,1.0,0.0005364806866948,0.00109,1
819,t|I|20|RBD|S|S,t|20|RBD|S|S,1,1.0,0.0005364806866948,0.00109,1
1335,t|K|10|LINK|N|N,t|10|LINK|N|N,1,1.0,0.0005364806866948,0.00109,1
1210,t|K|27|NSP2|NSP2|orf1ab,t|27|NSP2|NSP2|orf1ab,1,1.0,0.0005364806866948,0.00109,1
290,t|D|60|HR2|S|S,t|60|HR2|S|S,1,1.0,0.0005364806866948,0.00109,1
1188,t|N|8|NTD|S|S,t|8|NTD|S|S,1,1.0,0.0005364806866948,0.00109,1
1607,t|T|1|NTD|N|N,t|1|NTD|N|N,1,1.0,0.0005364806866948,0.00109,1
1231,t|M|11|NSP2|NSP2|orf1ab,t|11|NSP2|NSP2|orf1ab,1,1.0,0.0005364806866948,0.00109,1
1049,t|I|211|NSP9|NSP9|orf1ab,t|211|NSP9|NSP9|orf1ab,1,1.0,0.0005364806866948,0.00109,1
561,t|S|27|RBD|S|S,t|27|RBD|S|S,1,1.0,0.0005364806866948,0.00109,1
769,t|Q|16|Dimerisation|N|N,t|16|Dimerisation|N|N,1,1.0,0.0005364806866948,0.00109,1
854,t|P|2|NTD|N|N,t|2|NTD|N|N,1,1.0,0.0005364806866948,0.00109,1
306,t|L|41|NSP2|NSP2|orf1ab,t|41|NSP2|NSP2|orf1ab,1,1.0,0.0005364806866948,0.00109,1
396,t|A|10|LINK|N|N,t|10|LINK|N|N,1,1.0,0.0005364806866948,0.00109,1
483,t|11|LINK|N|N,t|LINK|N|N,1,1.0,0.0005364806866948,0.00109,1
166,t|12|LINK|N|N,t|LINK|N|N,1,1.0,0.0005364806866948,0.00109,1
1115,t|63|CD|S|S,t|CD|S|S,1,1.0,0.0005364806866948,0.00109,1
1552,t|10|NTD|S|S,t|NTD|S|S,1,1.0,0.0005364806866948,0.00109,1
1475,t|38|NSP2|NSP2|orf1ab,t|NSP2|NSP2|orf1ab,1,1.0,0.0005364806866948,0.00109,1
421,t|17|NSP2|NSP2|orf1ab,t|NSP2|NSP2|orf1ab,1,1.0,0.0005364806866948,0.00109,1
1503,t|19|NSP2|NSP2|orf1ab,t|NSP2|NSP2|orf1ab,1,1.0,0.0005364806866948,0.00109,1
1156,t|5|NTD|S|S,t|NTD|S|S,1,1.0,0.0005364806866948,0.00109,1
620,t|18|NSP2|NSP2|orf1ab,t|NSP2|NSP2|orf1ab,1,1.0,0.0005364806866948,0.00109,1
1460,t|15|NTD|S|S,t|NTD|S|S,1,1.0,0.0005364806866948,0.00109,1
1302,t|62|CD|S|S,t|CD|S|S,1,1.0,0.0005364806866948,0.00109,1
17,t|49|HR1|S|S,t|HR1|S|S,1,1.0,0.0005364806866948,0.00109,1
646,t|8|NTD|S|S,t|NTD|S|S,2,1.0,5.759320308056989e-07,0.0,1
776,t|197|NSP7|NSP7|orf1ab,t|NSP7|NSP7|orf1ab,1,1.0,0.0005364806866948,0.00109,1
216,t|36|NSP2|NSP2|orf1ab,t|NSP2|NSP2|orf1ab,16,1.0,1.0508040986514228e-39,0.0,1
1336,t|10|LINK|N|N,t|LINK|N|N,1,1.0,0.0005364806866948,0.00109,1
422,t|25|NSP2|NSP2|orf1ab,t|NSP2|NSP2|orf1ab,1,1.0,0.0005364806866948,0.00109,1
1124,t|29|NSP2|NSP2|orf1ab,t|NSP2|NSP2|orf1ab,1,1.0,0.0005364806866948,0.00109,1
754,t|40|NSP2|NSP2|orf1ab,t|NSP2|NSP2|orf1ab,1,1.0,0.0005364806866948,0.00109,1
559,t|30|NSP2|NSP2|orf1ab,t|NSP2|NSP2|orf1ab,1,1.0,0.0005364806866948,0.00109,1
819,t|20|RBD|S|S,t|RBD|S|S,1,1.0,0.0005364806866948,0.00109,1
1210,t|27|NSP2|NSP2|orf1ab,t|NSP2|NSP2|orf1ab,1,1.0,0.0005364806866948,0.00109,1
290,t|60|HR2|S|S,t|HR2|S|S,1,1.0,0.0005364806866948,0.00109,1
1188,t|8|NTD|S|S,t|NTD|S|S,1,1.0,0.0005364806866948,0.00109,1
1607,t|1|NTD|N|N,t|NTD|N|N,1,1.0,0.0005364806866948,0.00109,1
1231,t|11|NSP2|NSP2|orf1ab,t|NSP2|NSP2|orf1ab,1,1.0,0.0005364806866948,0.00109,1
1049,t|211|NSP9|NSP9|orf1ab,t|NSP9|NSP9|orf1ab,1,1.0,0.0005364806866948,0.00109,1
561,t|27|RBD|S|S,t|RBD|S|S,1,1.0,0.0005364806866948,0.00109,1
769,t|16|Dimerisation|N|N,t|Dimerisation|N|N,1,1.0,0.0005364806866948,0.00109,1
854,t|2|NTD|N|N,t|NTD|N|N,1,1.0,0.0005364806866948,0.00109,1
306,t|41|NSP2|NSP2|orf1ab,t|NSP2|NSP2|orf1ab,1,1.0,0.0005364806866948,0.00109,1
483,t|LINK|N|N,t|N|N,1,1.0,0.0005364806866948,0.00109,1
1115,t|CD|S|S,t|S|S,1,1.0,0.0005364806866948,0.00109,1
1552,t|NTD|S|S,t|S|S,1,1.0,0.0005364806866948,0.00109,1
1475,t|NSP2|NSP2|orf1ab,t|NSP2|orf1ab,1,1.0,0.0005364806866948,0.00109,1
17,t|HR1|S|S,t|S|S,1,1.0,0.0005364806866948,0.00109,1
646,t|NTD|S|S,t|S|S,2,1.0,5.759320308056989e-07,0.0,1
776,t|NSP7|NSP7|orf1ab,t|NSP7|orf1ab,1,1.0,0.0005364806866948,0.00109,1
216,t|NSP2|NSP2|orf1ab,t|NSP2|orf1ab,16,1.0,1.0508040986514228e-39,0.0,1
819,t|RBD|S|S,t|S|S,1,1.0,0.0005364806866948,0.00109,1
290,t|HR2|S|S,t|S|S,1,1.0,0.0005364806866948,0.00109,1
1607,t|NTD|N|N,t|N|N,1,1.0,0.0005364806866948,0.00109,1
1049,t|NSP9|NSP9|orf1ab,t|NSP9|orf1ab,1,1.0,0.0005364806866948,0.00109,1
769,t|Dimerisation|N|N,t|N|N,1,1.0,0.0005364806866948,0.00109,1
483,t|N|N,t|N,1,1.0,0.0005364806866948,0.00109,1
1115,t|S|S,t|S,1,1.0,0.0005364806866948,0.00109,1
1475,t|NSP2|orf1ab,t|orf1ab,1,1.0,0.0005364806866948,0.00109,1
646,t|S|S,t|S,2,1.0,5.759320308056989e-07,0.0,1
776,t|NSP7|orf1ab,t|orf1ab,1,1.0,0.0005364806866948,0.00109,1
216,t|NSP2|orf1ab,t|orf1ab,16,1.0,1.0508040986514228e-39,0.0,1
1049,t|NSP9|orf1ab,t|orf1ab,1,1.0,0.0005364806866948,0.00109,1
